{"timestamp": "2025-12-25T22:25:45.437802", "q_values": {"lite": -0.7584080896000001, "html": -0.8763049418752, "api": -0.80672647168, "scrape": -0.33548297158656, "wiki": 0.8400000000000001, "arxiv": 0.9999734154400842}, "counts": {"lite": 9, "html": 12, "api": 10, "scrape": 13, "wiki": 1, "arxiv": 40}}